,status,industry,notes
0,Cancelled,Medical Techonlolgy,
1,Cancelled,,Cancelled their summer 2020 internship program. But extended the offer to summer 2021.
2,Cancelled,Healthcare Products,
3,Cancelled,Computer Services,All internships now cancelled
4,Cancelled,,Cancelled their whole internship program
5,Cancelled,Marketing,
6,Cancelled,Telecom. Equipment,Summer 2020 co-op term canceled. Fall 2020 may also be canceled if full remote does not end by August 2020.
7,Cancelled,Retail (Online),
8,Cancelled,,
9,Cancelled,,Cancelled this summer's internship program with an option to intern next summer.
10,Cancelled,Marketing,
11,Cancelled,Air Transport,
12,Cancelled,Consulting,
13,Cancelled,,Cancelled. Interns offered full-time jobs.
14,Cancelled,Air Transport,Decisions are on a department by department basis. Some positions weren't cancelled.
15,Cancelled,Rail Transport,
16,Cancelled,Software (System & Application),MBA internship rescinded. Need confirmation on this.
17,Cancelled,Oil/Gas (Production and Exploration),
18,Cancelled,Public Relations,
19,Cancelled,Semiconductor Equip,
20,Cancelled,Medical Techonlolgy,
21,Cancelled,,
22,Cancelled,,
23,Cancelled,Financial Svcs. (Non-bank & Insurance),
24,Cancelled,Medical Techonlolgy,
25,Cancelled,,
26,Cancelled,Drugs (Pharmaceutical),
27,Cancelled,Oilfield Svcs/Equip.,
28,Cancelled,,
29,Cancelled,,
30,Cancelled,,Cancelled their internship program for junior traders. The other roles are not cancelled yet. Full time new hires start date pushed back as well.
31,Cancelled,,
32,Cancelled,Retail (Special Lines),
33,Cancelled,Marketing,
34,Cancelled,Software (System & Application),Open full time offers are also cancelled
35,Cancelled,,
36,Cancelled,,
37,Cancelled,Computer Services,
38,Cancelled,Healthcare Products,Cancelled all internships and co-ops for all of 2020.
39,Cancelled,,
40,Cancelled,,Postponed to 2021
41,Cancelled,,
42,Cancelled,,
43,Cancelled,Recreation,
44,Cancelled,,
45,Cancelled,,
46,Cancelled,,
47,Cancelled,,
48,Cancelled,,
49,Cancelled,,
50,Cancelled,,
51,Cancelled,Business & Consumer Services,
52,Cancelled,Chemical (Specialty),
53,Cancelled,Oil/Gas (Production and Exploration),
54,Cancelled,,
55,Cancelled,,
56,Cancelled,,
57,Cancelled,Cable TV,
58,Cancelled,Oil/Gas (Production and Exploration),5 week pay offered and priority for 2021 internship
59,Cancelled,Building Materials,
60,Cancelled,,
61,Cancelled,,Rescinded all internship offers.
62,Cancelled,,Rescinded all internships and full time offers!
63,Cancelled,,
64,Cancelled,,Rescinding offers in Waltham MA.
65,Cancelled,,Need further verification if all roles cancelled
66,Cancelled,,"Cybersecurity internships cancelled. No option to defer to next year. SWE internship offers not rescinded, will be online."
67,Cancelled,,
68,Cancelled,,Rescinding offers.
69,Cancelled,Retail (Special Lines),
70,Cancelled,Restaurant/Dining,
71,Cancelled,,Cancelled summer internship program
72,Cancelled,,
73,Cancelled,,
74,Cancelled,Entertainment,"Cancelled some Engineering/IT roles. Not just diversity program. Also, some teams (Industrial and Software Engineering) haven't cancelled, but gone remote."
75,Cancelled,,
76,Cancelled,,Internship program cancelled. Offers rescinded.
77,Cancelled,,"Scaling back summer internship program, certain departments cancelled (i.e. marketing/sales)."
78,Cancelled,Telecom. Equipment,
79,Cancelled,,Multiple offers rescinded. Need to verify if all internship roles are cancelled
80,Cancelled,,
81,Cancelled,,
82,Cancelled,,
83,Cancelled,,Offers Rescinded
84,Cancelled,Oilfield Svcs/Equip.,
85,Cancelled,,
86,Cancelled,Healthcare Products,
87,Cancelled,Insurance (General),
88,Cancelled,,No compensation offered.
89,Cancelled,,
90,Cancelled,Computer Services,Even full time offers are getting rescinded
91,Cancelled,Retail (Distributors),
92,Cancelled,,
93,Cancelled,,
94,Cancelled,Insurance (Life),
95,Cancelled,,
96,Cancelled,,
97,Cancelled,Financial Svcs. (Non-bank & Insurance),
98,Cancelled,,
99,Cancelled,Retail (Online),
100,Cancelled,,
101,Cancelled,,
102,Cancelled,Oilfield Svcs/Equip.,Interns offered half of the pay for the summer as stipend.
103,Cancelled,,Cancelled LEAP programs for new grads too.
104,Cancelled,,Internships and full time hirings cancelled.
105,Cancelled,Hospitals/Healthcare Facilities,
106,Cancelled,,
107,Cancelled,,
108,Cancelled,Oil/Gas (Production and Exploration),
109,Cancelled,,
110,Cancelled,Oilfield Svcs/Equip.,
111,Cancelled,,
112,Cancelled,,
113,Cancelled,,
114,Cancelled,,
115,Cancelled,Retail (Online),Ideo.org too
116,Cancelled,Healthcare Products,
117,Cancelled,Broadcasting,
118,Cancelled,,Needs further confirmation.
119,Cancelled,,Summer internships cancelled.
120,Cancelled,,
121,Cancelled,,
122,Cancelled,,
123,Cancelled,Air Transport,Deferred to Summer 2021.
124,Cancelled,,
125,Cancelled,,
126,Cancelled,,
127,Cancelled,,
128,Cancelled,,
129,Cancelled,,MBA. London - Cancelled. Chicago - Virtual.
130,Cancelled,,
131,Cancelled,,Cancelled summer 2020 internship program
132,Cancelled,,
133,Cancelled,,
134,Cancelled,,
135,Cancelled,,
136,Cancelled,Retail (Online),
137,Cancelled,Apparel,
138,Cancelled,,Cancelled their internship program but offered interns full time 2021 offers.
139,Cancelled,Financial Svcs. (Non-bank & Insurance),
140,Cancelled,,
141,Cancelled,,
142,Cancelled,Drugs (Pharmaceutical),
143,Cancelled,,
144,Cancelled,,
145,Cancelled,,Guaranteed internship for summer 2021. Guaranteed first round interview for full-time.
146,Cancelled,Retail (Building Supply),
147,Cancelled,Banks (Regional),
148,Cancelled,,
149,Cancelled,Software (System & Application),
150,Cancelled,Recreation,
151,Cancelled,Hotel/Gaming,
152,Cancelled,,Cancelled internships globally and graduate jobs are deferred until Jan 2021.
153,Cancelled,,At least IT
154,Cancelled,,
155,Cancelled,,McCann Wolrldgroup and McCann NY cancelled their internships.
156,Cancelled,,
157,Cancelled,,Cancelled its internship program. Interns will get interview preference for full-time jobs after graduation.
158,Cancelled,,
159,Cancelled,,
160,Cancelled,Heathcare Information and Technology,
161,Cancelled,,Cancelled summer research program for interns
162,Cancelled,,
163,Cancelled,,
164,Cancelled,,
165,Cancelled,,
166,Cancelled,,Cancelled all summer 2020 intternships
167,Cancelled,,
168,Cancelled,,"Cancelled all summer 2020 internships, but will still process SECRET clearances"
169,Cancelled,,
170,Cancelled,Household Products,
171,Cancelled,,
172,Cancelled,Business & Consumer Services,
173,Cancelled,,
174,Cancelled,,Suspended the Summer 2020 session of the John M. Green Internship Program
175,Cancelled,Transportation (Railroads),
176,Cancelled,Retail (General),Cancelled all technology internships.
177,Cancelled,,
178,Cancelled,Machinery,
179,Cancelled,Oil/Gas (Integrated),
180,Cancelled,,Replaced with full-time offers. Few students didn't receive full-time offers.
181,Cancelled,,Went bankrupt
182,Cancelled,,
183,Cancelled,,
184,Cancelled,Building Materials,
185,Cancelled,Construction Supplies,
186,Cancelled,,
187,Cancelled,Software (System & Application),Hiring freeze until at least July
188,Cancelled,Business & Consumer Services,
189,Cancelled,,
190,Cancelled,,
191,Cancelled,Software (System & Application),
192,Cancelled,,
193,Cancelled,Software (System & Application),
194,Cancelled,,
195,Cancelled,Insurance (Life),
196,Cancelled,,
197,Cancelled,Banks (Regional),Need confirmation
198,Cancelled,,Summer internships cancelled.
199,Cancelled,,Cancelled
200,Cancelled,,Cancelled.
201,Cancelled,,
202,Cancelled,,
203,Cancelled,Real Estate (Operations & Services),
204,Cancelled,Drugs (Biotechnology),Wet lab positions being cancelled. Dry lab likely to be remote.
205,Cancelled,R.E.I.T.,"""After careful consideration of business needs, we decided to put a hold on this position at this time."""
206,Cancelled,,
207,Cancelled,,
208,Cancelled,,
209,Cancelled,Entertainment,
210,Cancelled,,
211,Cancelled,,
212,Cancelled,,
213,Cancelled,,
214,Cancelled,Oilfield Svcs/Equip.,Internship and full-time offers rescinded
215,Cancelled,,
216,Cancelled,,
217,Cancelled,Drugs (Biotechnology),
218,Cancelled,,
219,Cancelled,,
220,Cancelled,,
221,Cancelled,,
222,Cancelled,,
223,Cancelled,Retail (Building Supply),
224,Cancelled,,"Cancelled their entire summer internship program for 2020, including MBAs and undergrads"
225,Cancelled,,
226,Cancelled,,
227,Cancelled,,Revoked offers
228,Cancelled,,
229,Cancelled,,Cancelled. Needs confirmation.
230,Cancelled,Air Transport,Gauging interest in fall internship. Gift card being provided as compensation.
231,Cancelled,,
232,Cancelled,,
233,Cancelled,,
234,Cancelled,,
235,Cancelled,Education,
236,Cancelled,,
237,Cancelled,Healthcare Products,"Rising juniors will get the same internship for summer 2021, and rising seniors will get “preference” for entry level job."
238,Cancelled,,
239,Cancelled,,
240,Cancelled,,
241,Cancelled,,Both Summer and Fall. Rescining full-time offers too.
242,Cancelled,Food Wholesalers,Cancelled all internships offers and some full time.
243,Cancelled,Telecom (Wireless),
244,Cancelled,,
245,Cancelled,Broadcasting,
246,Cancelled,Software (System & Application),
247,Cancelled,,
248,Cancelled,,
249,Cancelled,,
250,Cancelled,Heathcare Information and Technology,
251,Cancelled,,
252,Cancelled,,Rescinded offers for summer internships and new grad roles.
253,Cancelled,,Canceled their summer internship program.
254,Cancelled,Retail (Special Lines),
255,Cancelled,,Internships in Boston cancelled. Full-time offers too.
256,Cancelled,,
257,Cancelled,,
258,Cancelled,,
259,Cancelled,Business & Consumer Services,
260,Cancelled,,
261,Cancelled,Software (Entertainment),Rescinded full-time offers too.
262,Cancelled,,Rescinded full-time offers too.
263,Cancelled,,Offering deferment of internships to TBD future term(s)
264,Cancelled,Apparel,"Rookie Program was canceled, no full time offers."
265,Cancelled,Air Transport,Cancelled.
266,Cancelled,,
267,Cancelled,,
268,Cancelled,,
269,Cancelled,,
270,Cancelled,,
271,Cancelled,,
272,Cancelled,,
273,Cancelled,,
274,Cancelled,,
275,Cancelled,,Cancelled the whole program
276,Cancelled,,
277,Cancelled,,Offers got Rescinded
278,Cancelled,Electronics (Consumer & Office),
279,Cancelled,,
280,Cancelled,Auto Parts,
281,Cancelled,,
282,Cancelled,Retail (Online),Some positions not cancelled. Notably E-Commerce.
283,Cancelled,,
284,Cancelled,,
285,Cancelled,,
286,Cancelled,,Interns guaranteed interview in the fall for internship or full-time.
287,Cancelled,Software (System & Application),5k stipend being provided to interns
288,Cancelled,Power,
289,Cancelled,Software (Entertainment),
290,Cancelled,,
291,Cancelled,,
292,Cancelled,Drugs (Biotechnology),Cancelled their internship program but are offering full time positions to all of their interns.
293,Continuing ,,Hiring Freeze
294,Continuing ,Diversified,Remote for now. Option to move to in-person if conditions change by June 1
295,Continuing ,,Strategy internships going remote.
296,Continuing ,,100% remote. Blizzard internship duration reduced to 9 weeks.
297,Continuing ,,UX internship cancelled. Waiting for info on other positions.
298,Continuing ,Software (System & Application),Fully remote. Personal computer for work. Hiring Freeze
299,Continuing ,Heathcare Information and Technology,Remote if needed
300,Continuing ,Insurance (Life),Considering remote. Postponed start date to June 8.
301,Continuing ,Insurance (General),Virtual. More details to come.
302,Continuing ,Software (Internet),Remote until further notice.
303,Continuing ,,Remote
304,Continuing ,Software (System & Application),
305,Continuing ,,Deciding on in person vs virtual towards end of April
306,Continuing ,,Hiring Freeze
307,Continuing ,,
308,Continuing ,Retail (Online),Virtual Internships
309,Continuing ,,Virtual Internships
310,Continuing ,Financial Svcs. (Non-bank & Insurance),Fully virtual. Hiring Freeze. Certain positions being cancelled.
311,Continuing ,Drugs (Biotechnology),Remote
312,Continuing ,,
313,Continuing ,,Actively Hiring
314,Continuing ,Building Materials,Will be remote. New start date will be June 22.
315,Continuing ,Software (System & Application),Hiring
316,Continuing ,R.E.I.T.,Remote start for some. Start date pushed back for others. Depends on the team. More details to come.
317,Continuing ,Software (System & Application),"Remote. Exact details still forthcoming, but they've committed to having it in some form thus far"
318,Continuing ,Investments & Asset Management,Considering remote. Updates to follow.
319,Continuing ,Telecom. Services,Going remote.
320,Continuing ,,Going fully remote
321,Continuing ,,
322,Continuing ,,On track to begin June 1
323,Continuing ,,Hiring freeze. Considering remote. Considering winter internship.
324,Continuing ,Software (System & Application),Fully remote internships
325,Continuing ,,
326,Continuing ,,Hiring Freeze
327,Continuing ,,Virtual.
328,Continuing ,Bank (Money Center),
329,Continuing ,,Remote for time being. Start date unchanged.
330,Continuing ,,Remote internship for 10 weeks.
331,Continuing ,,Remote
332,Continuing ,,Remote
333,Continuing ,,Hiring Freeze
334,Continuing ,Investments & Asset Management,Converted to virtual. Honoring full compensation agreement. Start date may change.
335,Continuing ,,Hiring Freeze
336,Continuing ,R.E.I.T.,
337,Continuing ,,Currently no plans to change anything
338,Continuing ,Software (Entertainment),Remote. Actively Hiring
339,Continuing ,,Remote.
340,Continuing ,,
341,Continuing ,,Postponed start date to June 29. But will stick to original 10 week compensation.
342,Continuing ,,
343,Continuing ,Aerospace/Defense,Will be going remote.
344,Continuing ,,Remote
345,Continuing ,,Gave interns full time offers. The internship (which is virtual now) is shortened to 7-10 weeks.
346,Continuing ,Business & Consumer Services,Will be virtual.
347,Continuing ,,
348,Continuing ,,
349,Continuing ,Environmental & Waste Services,
350,Continuing ,,Internship not cancelled. Global hiring expansion this year.
351,Continuing ,Investments & Asset Management,Committed to all intern offers and program will be fully remote.
352,Continuing ,Financial Svcs. (Non-bank & Insurance),"Remote Internships, housing stipend still included"
353,Continuing ,Construction Supplies,Delaying start date to June 15.
354,Continuing ,Healthcare Support Services,
355,Continuing ,Retail (Automotive),Hiring Freeze
356,Continuing ,,
357,Continuing ,,
358,Continuing ,Heathcare Information and Technology,
359,Continuing ,Brokerage & Investment Banking,Internships will be virtual for the duration of the program (9 weeks)
360,Continuing ,,"Honoring all of its internships and all of its offers to former interns. If WFH on the ""start date"" new interns and employees will start working on that day, just remotely."
361,Continuing ,Education,"Planning to proceed with most of our internship roles this summer, may be operating completely remotely, a handful of positions canceled"
362,Continuing ,Oil/Gas (Integrated),Remote
363,Continuing ,Retail (Online),"Remote onboarding, will make decision at later time as to whether or not to stay remote"
364,Continuing ,,Option to participate in a virtual internship or defer internship to next summer.
365,Continuing ,Healthcare Support Services,Fully virtual
366,Continuing ,Banks (Regional),Fully Remote
367,Continuing ,,Remote confirmed
368,Continuing ,Oil/Gas (Production and Exploration),WFH Possible
369,Continuing ,Retail (Special Lines),"Not cancelling. Start date moved to July 6. Interns in NY, London, HK, Singapore and Tokyo automatically receive full-time offers upon meeting minimum requirements."
370,Continuing ,Software (System & Application),Internship not cancelled. Possibility of going remote.
371,Continuing ,,Hiring Freeze
372,Continuing ,Household Products,
373,Continuing ,Software (System & Application),"Internships reopened and internship class size doubled, remote work if needed"
374,Continuing ,,Hiring
375,Continuing ,,Fully remote. Housing stipend if applicable.
376,Continuing ,,Hiring freeze.
377,Continuing ,,Remote
378,Continuing ,Telecom. Equipment,Honoring all offers made. Virtual if needed. Hiring freeze.
379,Continuing ,,
380,Continuing ,,"Remote work, if needed"
381,Continuing ,,Cox Communications is honoring all offers for 2rd and 3rd rotation returning interns. Only Cox Automotive and Cox Media Cancelled.
382,Continuing ,,
383,Continuing ,,Remote
384,Continuing ,,Hiring Freeze
385,Continuing ,Aerospace/Defense,Hiring freeze
386,Continuing ,,
387,Continuing ,,Remote/Virtual for all interns in US/Canada. More info to come
388,Continuing ,,
389,Continuing ,,Internships will be remote in India. Start date is April 20.
390,Continuing ,,Not cancelled. Option to move to June onsite if situation gets better.
391,Continuing ,,Remote
392,Continuing ,Computers/Peripherals,Remote. Shortened to June/July only
393,Continuing ,,Deloitte Consulting and Deloitte Tax US - Two week optional virtual experience (Jul 13 - Jul 24). Payment of $4000. Full-time offer upon successful completion of degree. Deloitte in Canada is going virtual with a delayed start date of June 1st.
394,Continuing ,,Remote in India.
395,Continuing ,,Remote.
396,Continuing ,Financial Svcs. (Non-bank & Insurance),Remote
397,Continuing ,,Hiring Freeze
398,Continuing ,Software (System & Application),
399,Continuing ,Electronics (General),PM role cancelled. No info about other roles.
400,Continuing ,Hotel/Gaming,Remote.
401,Continuing ,,Will be in touch with more details
402,Continuing ,Software (System & Application),
403,Continuing ,Retail (Online),Going virtual.
404,Continuing ,Drugs (Biotechnology),
405,Continuing ,Drugs (Pharmaceutical),Virtual. Reduced from 12 weeks to 8 weeks.
406,Continuing ,Entertainment,Remote
407,Continuing ,,Completely remote. Changed internship duration - July 6 to August 7 now (cut short from 8 weeks to 5 weeks)
408,Continuing ,Oil/Gas (Production and Exploration),Considering remote. Decision by mid-April.
409,Continuing ,,Remote.
410,Continuing ,,
411,Continuing ,Retail (Online),
412,Continuing ,Software (Entertainment),
413,Continuing ,Retail (Online),"Moved to virtual. Shortened to 10 weeks, June 15 - August 21. Revised offer letter will be sent out."
414,Continuing ,,Pushed start dates to June 1st.
415,Continuing ,,
416,Continuing ,Telecom. Equipment,Won't be cancelling. Remote or In-person decision by April 17th
417,Continuing ,Software (Entertainment),Remote. Corporate housing will be available for those who would like to take it or a housing stipend will be provided. Some internships cancelled due to reasons like interns moved out of US or remote work not possible for the job.
418,Continuing ,,Hiring Freeze
419,Continuing ,,Remote Internship. Program start date remains June 1. Program duration will be 6 weeks. All internship and full-time offers honored.
420,Continuing ,Banks (Regional),Reports that some internships are getting cancelled.
421,Continuing ,Transportation,Update by Mid-April
422,Continuing ,,Remote likely. Further updates by April 24.
423,Continuing ,Software (System & Application),Internship program will proceed. Moving to 100% virtual.
424,Continuing ,,Moved to virtual setting. Duration has been cut to 9 weeks.
425,Continuing ,,Remote
426,Continuing ,Software (System & Application),Remote
427,Continuing ,Power,Remote
428,Continuing ,,"Cancelling 60% of their summer internships and moving the rest to remote. Across Engineering, Data and Design."
429,Continuing ,,Could be partially remote on fully remote based on future situation. The offer won't be rescinded
430,Continuing ,Auto & Truck,Remote. Delayed June start date. Duration reduced to 6-8 weeks.
431,Continuing ,,
432,Continuing ,Business & Consumer Services,
433,Continuing ,,Remote Internship
434,Continuing ,,"Moved majority of internships virtual (a portion of internships in R&D were cancelled, manufacturing internships cancelled at Oceanside location)."
435,Continuing ,,Considering remote.
436,Continuing ,Diversified,Confirmed by company representative. No cancellations. Info by May 1.
437,Continuing ,Auto & Truck,Delayed to beginning of June. Needs confirmation.
438,Continuing ,,Hiring Freeze
439,Continuing ,,Hiring Freeze. Not planning to hire new interns until September.
440,Continuing ,,Hiring Freeze
441,Continuing ,Software (Internet),Remote
442,Continuing ,,Remote
443,Continuing ,Brokerage & Investment Banking,Start date revised to July 6. Duration of the program reduced to five weeks. Will honor the full financial commitment of original program duration. Not applicable to India. Hong Kong - Delayed by a month.
444,Continuing ,,Moving to remote. Interns will be compensated fully.
445,Continuing ,,"UX Internships, EMEA IT cancelled. SWE, research and business internships are remote. Housing stipend still provided. Hiring Freeze, intern candidates still in pipeline for host matching or interviews will not be moved forward. Interns for rest of 2020 (including Fall 2020) won't be considered"
446,Continuing ,,Hiring Freeze
447,Continuing ,,
448,Continuing ,,Hiring Freeze
449,Continuing ,,
450,Continuing ,,Hiring Freeze
451,Continuing ,,
452,Continuing ,,Start date pushed back by 3 weeks. Duration extended by 1 week.
453,Continuing ,Trucking,Pushed back to July
454,Continuing ,Hotel/Gaming,Rescinding offers for on property positions. Corporate intern program too.
455,Continuing ,Diversified,
456,Continuing ,Healthcare Products,Remote. Won't be cancelled.
457,Continuing ,Food Processing,Remote
458,Continuing ,,Hiring Freeze
459,Continuing ,Software (System & Application),Remote possible. Continuing hiring
460,Continuing ,,Switching to a 8-week virtual program. SWE positions on-hold
461,Continuing ,Healthcare Support Services,Fully remote.
462,Continuing ,Computer Services,Won't be cancelling. All internships will be remote.
463,Continuing ,,Hiring Freeze
464,Continuing ,,
465,Continuing ,,Potentially remote. Hiring
466,Continuing ,,Remote
467,Continuing ,,
468,Continuing ,,Hiring Freeze. But offers not being rescinded. People in between in the interview process have to wait.
469,Continuing ,,
470,Continuing ,Software (Entertainment),100% virtual for people starting before June 15. Some internships might not be virtual depending as the work involved.
471,Continuing ,Advertising,Hiring Freeze
472,Continuing ,Software (System & Application),No plans to cancel internship or new grad positions. Decided to make incoming intern/co-op program fully virtual.
473,Continuing ,Healthcare Products,Still paying me a lump sum of half of the wage we would have received while working there
474,Continuing ,,Planning for remote.
475,Continuing ,,
476,Continuing ,,Not cancelling.
477,Continuing ,,Providence RI branch is going through with their co-op program
478,Continuing ,,Virtual internship. July 6th to mid-August. Compensation will remain same.
479,Continuing ,,
480,Continuing ,Telecom. Equipment,"Still hiring for tech roles. Planning for in-person summer internship, remote if needed"
481,Continuing ,,
482,Continuing ,,
483,Continuing ,,remote or on-site by end of April
484,Continuing ,,Start date moved later
485,Continuing ,,Virtual. Laptops being shipped to interns.
486,Continuing ,Retail (General),Rescinded unaccepted offers. Waiting for information on whether the internship program is cancelled.
487,Continuing ,,US - Internship made virtual. Interns offered a full-time position in 2021.
488,Continuing ,,100% remote.
489,Continuing ,,Not hiring any more interns
490,Continuing ,R.E.I.T.,Hiring Freeze
491,Continuing ,Semiconductor Equip,Going remote. Honoring all offers.
492,Continuing ,,Remote. Majority of divisions won't be cancelling. Start dates moved to June 1st. Hiring.
493,Continuing ,,Gave interns option of working remotely or hybrid-relocating once offices open.
494,Continuing ,,Fully remote. Interviews are on hold. Hiring Freeze.
495,Continuing ,Computer Services,
496,Continuing ,Aerospace/Defense,
497,Continuing ,,Hiring
498,Continuing ,,Hiring Freeze
499,Continuing ,,Hiring Freeze
500,Continuing ,Trucking,Fully virtual
501,Continuing ,,Remote
502,Continuing ,Oilfield Svcs/Equip.,Continues to plan for their summer 2020 internships.
503,Continuing ,,Still determining the status if it will be fully remote or not
504,Continuing ,Insurance (Prop/Cas.),Plans for first few weeks to be remote and then will assess the situation from there
505,Continuing ,Financial Svcs. (Non-bank & Insurance),Won't be cancelling. Moving remote.
506,Continuing ,,
507,Continuing ,,100% virtual.
508,Continuing ,Information Services,"MBA internship transitioning to virtual format and duration has been shortened to 4 weeks. However, pay will remain as per the original offer i.e., 10weeks."
509,Continuing ,,"There may be adjustments to the internship model, such as initially working remotely and later in the office."
510,Continuing ,,
511,Continuing ,,"Made their internships optional. If you choose to do it, it will be remote for a duration of 6-10 weeks. Full pay regardless of whether one chooses to do the internship or not. Full-time offers offered too."
512,Continuing ,,Remote
513,Continuing ,Heathcare Information and Technology,Virtual Internship program for 90% of interns.
514,Continuing ,Software (System & Application),"Fully virtual. For interns who can't join virtually due to the nature of their assigned departments or those that are currently located outside the US or Canada, they can defer it to 2021 summer or for graduating class, get a chance to have expedited interviews for a full-time role."
515,Continuing ,,Interviews being cancelled
516,Continuing ,,Remote Internship
517,Continuing ,Brokerage & Investment Banking,Made their summer internship program a 4 week program and also given all interns guaranteed full time offers.
518,Continuing ,Software (Internet),Fully remote. Program Shortened.
519,Continuing ,Brokerage & Investment Banking,Most programs will be virtual. Interns will receive full compensation even if length of the program changes. Start date pushed to June 29.
520,Continuing ,,"In person, but preparing for remote if necessary"
521,Continuing ,Telecom. Equipment,Considering remote
522,Continuing ,,Remote Internship
523,Continuing ,Banks (Regional),"Internships will be held remotely. However some internships cannot be done remotely, in which case they will be rescinding some offers. Interns will be hearing the decision no later than May 15. Many offers however are being rescinded or left unfilled"
524,Continuing ,Retail (Online),Hosting a Virtual Program instead of an on-site internship for North America.
525,Continuing ,,
526,Continuing ,,"Internship planned to begin on June 1, asked to remain flexible with more information after April 17"
527,Continuing ,Financial Svcs. (Non-bank & Insurance),"Determining remote, delayed start, or no change on April 16th"
528,Continuing ,Publishing & Newspapers,Remote.
529,Continuing ,,100% Virtual.
530,Continuing ,Shoe,Remote.
531,Continuing ,,Remote in US.
532,Continuing ,,Currently evaluating remote internships
533,Continuing ,,Remote internships for all roles
534,Continuing ,,
535,Continuing ,Aerospace/Defense,
536,Continuing ,,Hiring
537,Continuing ,Software (System & Application),Remote Internship
538,Continuing ,Semiconductor,"Canada remote, stil deciding if partial/total remote (sent out survey to gauge locations). Not cancelling."
539,Continuing ,,Hiring Freeze
540,Continuing ,,Suspended with a chance of reinstatement if circumstances change.
541,Continuing ,,Hiring Freeze
542,Continuing ,Software (Internet),Toronto internships will be remote
543,Continuing ,,Depends on situation in May to go remote or not
544,Continuing ,,Hiring Freeze
545,Continuing ,,Won't cancel. Remote if needed.
546,Continuing ,Software (System & Application),Confirmed to be virtual. Start date and duration will remain same.
547,Continuing ,,Remote
548,Continuing ,,"Fully remote, same start date, full pay, no more housing stipend."
549,Continuing ,,"Reduced to 10 weeks instead of 12, laptops will be mailed. Hire on bonus for relocation and transportation is reduced unless expenses have already been accrued."
550,Continuing ,,Remote
551,Continuing ,Software (System & Application),Fully remote.
552,Continuing ,,
553,Continuing ,Software (System & Application),Fully remote
554,Continuing ,,
555,Continuing ,,
556,Continuing ,Information Services,Remote work for all North America interns
557,Continuing ,Software (System & Application),Remote.
558,Continuing ,Recreation,Not cancelling. More details will be shared in coming weeks.
559,Continuing ,Beverage (Soft),Moved to remote and reduced to 6 weeks. Providing full pay.
560,Continuing ,,Going ahead with internships virtually. Students advised to not move for internships and laptops being shipped.
561,Continuing ,,
562,Continuing ,Software (Entertainment),Remote
563,Continuing ,Oil/Gas (Production and Exploration),Remote.
564,Continuing ,,Internship down to 6 weeks with start date now at the end of June.
565,Continuing ,Brokerage & Investment Banking,
566,Continuing ,,Interviews being cancelled. Hiring Freeze
567,Continuing ,,Remote. Start date moved to June 1st.
568,Continuing ,,"Internship changed to two-week digital upskilling experience. Lump-sum payment of $2500 for accounting (audit/tax) and $3500 for advisory. Additionally, full-time 2021 offer."
569,Continuing ,,Hiring Freeze.
570,Continuing ,,Online except for a few cases. On site possible for last 2 weeks.
571,Continuing ,Software (System & Application),"Actively hiring, remote or onsite depends on future situation."
572,Continuing ,,"2-week fully remote internship, with full-time offers extended at the end."
573,Continuing ,,Remote
574,Continuing ,Semiconductor,Fully remote.
575,Continuing ,,Fully remote.
576,Continuing ,,"Start date moved to early June. Considering remote, decision by early May."
577,Continuing ,,Cancellation unlikely
578,Continuing ,,
579,Continuing ,,Remote. Needs confirmation.
580,Continuing ,,Remote. Needs confirmation.
581,Continuing ,Healthcare Products,Paused hiring.
582,Continuing ,,They will re-asses in May and possibly go remote
583,Continuing ,Software (System & Application),Remote for summer
584,Continuing ,,Pending. Mid-April Decision.
585,Continuing ,,Exploring a hybrid of remote and onsite depending on shelter in place restrictions
586,Continuing ,,Actively hiring - https://jobs.rbc.com/ca/en/students-grad-co-ops-internships
587,Continuing ,Software (System & Application),Remote
588,Continuing ,,Remote
589,Continuing ,Software (System & Application),Remote internships for all locations. Changes to be communicated if the COVID-19 situation gets resolved in coming months
590,Continuing ,,May go remote still contingent on the unprecedented time
591,Continuing ,Apparel,Hiring Freeze
592,Continuing ,,"Remote internship. However, some positions may be cancelled where remote work is not possible."
593,Continuing ,,Hiring Freeze
594,Continuing ,,
595,Continuing ,Oil/Gas (Production and Exploration),Internship onboarding moving to virtual
596,Continuing ,Insurance (Life),Remote
597,Continuing ,,
598,Continuing ,Publishing & Newspapers,Remote until NYC opens.
599,Continuing ,Software (System & Application),Internship moved to remote
600,Continuing ,,Hiring put on hold.
601,Continuing ,,Internships will be remote until further notice
602,Continuing ,,
603,Continuing ,,Needs confirmation. Contradictory reports.
604,Continuing ,,Remote work
605,Continuing ,Software (System & Application),Remote
606,Continuing ,,
607,Continuing ,Software (Entertainment),Remote
608,Continuing ,,Remote internship for now. US interns may move to on-site depending on the situation and International interns will work from home 100%.
609,Continuing ,Electronics (Consumer & Office),"Remote work, internship date reduced from 12 to 8 weeks"
610,Continuing ,,Internship program will be fully online for summer 2020.
611,Continuing ,,Hiring
612,Continuing ,,
613,Continuing ,,"Planning on going ahead with the internship program on-site, but they are considering moving start dates."
614,Continuing ,Software (System & Application),Internship hiring put on hold. Accepted offers to be honored. Fully remote.
615,Continuing ,Software (System & Application),Stopped hiring.
616,Continuing ,Software (System & Application),Remote
617,Continuing ,Restaurant/Dining,Remote.
618,Continuing ,,Moving to virtual
619,Continuing ,,Fully remote. New grad onboarding remote too.
620,Continuing ,,Fully virtual.
621,Continuing ,,Remote
622,Continuing ,,Won't be cancelled. Remote if necessary.
623,Continuing ,,Remote Internship
624,Continuing ,Retail (General),"Software internships are virtual at Target, length reduced to 8 weeks. Executive Leadership Interns are still scheduled to work in stores on location this summer."
625,Continuing ,Auto & Truck,"Hiring for summer, aiming for onsite, preparing for remote internships if possible"
626,Continuing ,Semiconductor,Hiring
627,Continuing ,,Start date June 22nd. Hiring Freeze.
628,Continuing ,,Won't be cancelling. Considering remote. Details in coming weeks.
629,Continuing ,Insurance (General),Remote
630,Continuing ,,Remote
631,Continuing ,,Fully remote.
632,Continuing ,,
633,Continuing ,,Going remote.
634,Continuing ,,Most likely go remote and possibility to reassess the situation later
635,Continuing ,,"Offers not sent, but people have been notified that they have passed the final rounds, although no answer about internship programme will be released until situation clears up."
636,Continuing ,Insurance (Prop/Cas.),Will be holding their full 10 week intern program starting in early June with all interns starting virtually.
637,Continuing ,Banks (Regional),Internship start date moved to June 22nd for two weeks of virtual Training. Then in person starting July 6th.
638,Continuing ,,Remote for now but onsite recommended once feasible
639,Continuing ,Software (Internet),Preparing for remote onboarding and remote internship
640,Continuing ,,Remote Internship. Hiring freeze.
641,Continuing ,Software (Entertainment),"100% Virtual. Interns will still get the same compensation, and start dates will be June 8th or June 22nd. All May start dates will be moved to the June 8th start date."
642,Continuing ,,Preparing for a virtual summer internship.
643,Continuing ,Trucking,Fully virtual for interns joining teams based in US and Canada.
644,Continuing ,Healthcare Support Services,Still on. Considering remote.
645,Continuing ,Banks (Regional),Software Developer positions will be remote until safe to re-enter offices.
646,Continuing ,,Fully remote
647,Continuing ,Banks (Regional),Remote
648,Continuing ,Chemical (Specialty),Virtual Internships
649,Continuing ,,Hiring freeze
650,Continuing ,Software (Internet),Remote
651,Continuing ,Telecom. Services,Decision by Apr 30
652,Continuing ,Broadcasting,"Hoping for in-person, preparing for virtual or shortened options. Update by Apr 30th or sooner."
653,Continuing ,Telecom. Equipment,Number of positions was significantly reduced. Many were cancelled.
654,Continuing ,Information Services,Remote Internship. Duration shortened to 8 weeks.
655,Continuing ,Software (System & Application),Remote. Housing stipend still provided
656,Continuing ,,Hiring freeze. Cancelling interviews. Cancelled mechanical/electrical engineering interns.
657,Continuing ,Financial Svcs. (Non-bank & Insurance),
658,Continuing ,,Moved their internship program virtual.
659,Continuing ,Retail (General),Hiring Freeze
660,Continuing ,,Fully virtual.
661,Continuing ,,Remote
662,Continuing ,Bank (Money Center),Going virtual. New dates: July 6th to August 7th. All financial terms on original offer letters will be honored.
663,Continuing ,,Won't be cancelling
664,Continuing ,Computers/Peripherals,"Making their internship program virtual. Next week, updates will be shared with candidates if their position can be made virtual or not."
665,Continuing ,,Remote
666,Continuing ,,Internship shortened from 10 weeks to 8 weeks and will be virtual.
667,Continuing ,Investments & Asset Management,Remote. Hiring Freeze
668,Continuing ,,Remote
669,Continuing ,Publishing & Newspapers,Start date postponed to June 15th
670,Continuing ,Semiconductor,Fully remote.
671,Continuing ,Semiconductor,Remote Internship
672,Continuing ,,Remote possible. Hiring freeze at Verizon Media.
673,Continuing ,,
674,Continuing ,Software (Entertainment),Interviews being cancelled. Hiring Freeze.
675,Continuing ,,Hiring
676,Continuing ,,Fully remote.
677,Continuing ,Entertainment,
