,name,location,country
0,#BoycottBingo,India,IN
1,Zomato,India,IN
2,#InternationalMensDay,India,IN
3,#IndiraGandhi,India,IN
4,#ICAI_DENIES_SAFTEY,India,IN
5,#Orkut,India,IN
6,Medvedev,India,IN
7,Swara,India,IN
8,Swiggy,India,IN
9,Novak,India,IN
10,KING OF HEARTS RAHUL,India,IN
11,Djokovic,India,IN
12,Abhinav,India,IN
13,Foden,India,IN
14,Zverev,India,IN
15,Neend,India,IN
16,Messi,India,IN
17,Harpic,India,IN
18,Gucci,India,IN
19,Dan James,India,IN
20,Republic,India,IN
21,Rashid,India,IN
22,uninstalled,India,IN
23,Mount,India,IN
24,ST Act,India,IN
25,Varavara Rao,India,IN
26,GOTY,India,IN
27,Griezmann,India,IN
28,Zendaya,India,IN
29,Kangana Ranaut,India,IN
30,tanishq,India,IN
31,Cardi,India,IN
32,Chelsea,India,IN
33,Sai Pallavi,India,IN
34,Jai Sri Krishna,India,IN
35,Benzema,India,IN
36,Paris,India,IN
37,youngjae,India,IN
38,Chaliye,India,IN
39,Elizabeth,India,IN
40,Google Pay,India,IN
41,NEET,India,IN
42,joonie,India,IN
43,seema dhaka,India,IN
44,Woah,India,IN
45,The Lord,India,IN
46,YOUR TIME IS UP,India,IN
47,Ranveer Singh,India,IN
48,Sone,India,IN
49,Sancho,India,IN
50,#BoycottBingo,Mumbai,IN
51,Zomato,Mumbai,IN
52,#InternationalMensDay,Mumbai,IN
53,#IndiraGandhi,Mumbai,IN
54,#ICAI_DENIES_SAFTEY,Mumbai,IN
55,#Orkut,Mumbai,IN
56,Medvedev,Mumbai,IN
57,Swara,Mumbai,IN
58,Swiggy,Mumbai,IN
59,Novak,Mumbai,IN
60,KING OF HEARTS RAHUL,Mumbai,IN
61,Djokovic,Mumbai,IN
62,Abhinav,Mumbai,IN
63,Foden,Mumbai,IN
64,Zverev,Mumbai,IN
65,Neend,Mumbai,IN
66,Messi,Mumbai,IN
67,Harpic,Mumbai,IN
68,Gucci,Mumbai,IN
69,Dan James,Mumbai,IN
70,Republic,Mumbai,IN
71,Rashid,Mumbai,IN
72,uninstalled,Mumbai,IN
73,Mount,Mumbai,IN
74,ST Act,Mumbai,IN
75,Varavara Rao,Mumbai,IN
76,GOTY,Mumbai,IN
77,Griezmann,Mumbai,IN
78,Zendaya,Mumbai,IN
79,Kangana Ranaut,Mumbai,IN
80,tanishq,Mumbai,IN
81,Cardi,Mumbai,IN
82,Chelsea,Mumbai,IN
83,Sai Pallavi,Mumbai,IN
84,Jai Sri Krishna,Mumbai,IN
85,Benzema,Mumbai,IN
86,Paris,Mumbai,IN
87,youngjae,Mumbai,IN
88,Chaliye,Mumbai,IN
89,Elizabeth,Mumbai,IN
90,Google Pay,Mumbai,IN
91,NEET,Mumbai,IN
92,joonie,Mumbai,IN
93,seema dhaka,Mumbai,IN
94,Woah,Mumbai,IN
95,The Lord,Mumbai,IN
96,YOUR TIME IS UP,Mumbai,IN
97,Ranveer Singh,Mumbai,IN
98,Sone,Mumbai,IN
99,Sancho,Mumbai,IN
100,#Valimai,Chennai,IN
101,#invinciblethalapathyfans,Chennai,IN
102,#unstoppablesuriya,Chennai,IN
103,#RowdyBabyHits1BillionViews,Chennai,IN
104,#ThanksCmEPS,Chennai,IN
105,Zomato,Chennai,IN
106,Medvedev,Chennai,IN
107,Swara,Chennai,IN
108,Swiggy,Chennai,IN
109,Novak,Chennai,IN
110,KING OF HEARTS RAHUL,Chennai,IN
111,Djokovic,Chennai,IN
112,Abhinav,Chennai,IN
113,Foden,Chennai,IN
114,Zverev,Chennai,IN
115,Neend,Chennai,IN
116,Messi,Chennai,IN
117,Harpic,Chennai,IN
118,Gucci,Chennai,IN
119,Dan James,Chennai,IN
120,Republic,Chennai,IN
121,Rashid,Chennai,IN
122,uninstalled,Chennai,IN
123,Mount,Chennai,IN
124,ST Act,Chennai,IN
125,Varavara Rao,Chennai,IN
126,GOTY,Chennai,IN
127,Zendaya,Chennai,IN
128,Griezmann,Chennai,IN
129,Kangana Ranaut,Chennai,IN
130,tanishq,Chennai,IN
131,Cardi,Chennai,IN
132,Chelsea,Chennai,IN
133,Sai Pallavi,Chennai,IN
134,Jai Sri Krishna,Chennai,IN
135,Benzema,Chennai,IN
136,Paris,Chennai,IN
137,youngjae,Chennai,IN
138,Chaliye,Chennai,IN
139,Elizabeth,Chennai,IN
140,Google Pay,Chennai,IN
141,NEET,Chennai,IN
142,joonie,Chennai,IN
143,seema dhaka,Chennai,IN
144,Woah,Chennai,IN
145,The Lord,Chennai,IN
146,YOUR TIME IS UP,Chennai,IN
147,Ranveer Singh,Chennai,IN
148,Sone,Chennai,IN
149,Sancho,Chennai,IN
150,#MaskSinger3,Worldwide,WW
151,Klay,Worldwide,WW
152,#ChileanLivesMatter,Worldwide,WW
153,Danny Green,Worldwide,WW
154,#ChileEsLatam,Worldwide,WW
155,Horford,Worldwide,WW
156,#担当声優ガチャ,Worldwide,WW
157,Veiga,Worldwide,WW
158,HBO Max,Worldwide,WW
159,#WonderWoman1984,Worldwide,WW
160,Sixers,Worldwide,WW
161,Sam Presti,Worldwide,WW
162,Sheck Wes,Worldwide,WW
163,Şenol Güneş,Worldwide,WW
164,Hyoran,Worldwide,WW
165,Rodinei,Worldwide,WW
166,Sename,Worldwide,WW
167,Norma Duval,Worldwide,WW
168,カナリヤ,Worldwide,WW
169,Ramires,Worldwide,WW
170,Ceará,Worldwide,WW
171,Fernando Tejero,Worldwide,WW
172,Not3s,Worldwide,WW
173,Foden,Worldwide,WW
174,Morumbi,Worldwide,WW
175,ヤクルト,Worldwide,WW
176,Vamos Flamengo,Worldwide,WW
177,Gucci,Worldwide,WW
178,Rozas,Worldwide,WW
179,Mónica Carrillo,Worldwide,WW
180,Thunder,Worldwide,WW
181,Pastora Soler,Worldwide,WW
182,Athletico,Worldwide,WW
183,山田哲人,Worldwide,WW
184,Espinoza,Worldwide,WW
185,76ers,Worldwide,WW
186,Se o Flamengo,Worldwide,WW
187,Everson,Worldwide,WW
188,Lamelo,Worldwide,WW
189,Paz Vega,Worldwide,WW
190,Warriors,Worldwide,WW
191,Catrina,Worldwide,WW
192,Cano,Worldwide,WW
193,GOTY,Worldwide,WW
194,kali uchis,Worldwide,WW
195,クソボス,Worldwide,WW
196,Morey,Worldwide,WW
197,Talcahuano,Worldwide,WW
198,Mets,Worldwide,WW
199,Albano,Worldwide,WW
200,Klay,UnitedStates,US
201,Danny Green,UnitedStates,US
202,Horford,UnitedStates,US
203,Sixers,UnitedStates,US
204,Sam Presti,UnitedStates,US
205,Sheck Wes,UnitedStates,US
206,#NBADraft,UnitedStates,US
207,#WonderWoman1984,UnitedStates,US
208,HBO Max,UnitedStates,US
209,#DisneyMustPay,UnitedStates,US
210,Cano,UnitedStates,US
211,#SHAZAMFALLIN,UnitedStates,US
212,Thunder,UnitedStates,US
213,#WW84,UnitedStates,US
214,Warriors,UnitedStates,US
215,76ers,UnitedStates,US
216,Gucci,UnitedStates,US
217,Pistons,UnitedStates,US
218,Morey,UnitedStates,US
219,Christmas Day,UnitedStates,US
220,Lamelo,UnitedStates,US
221,Mets,UnitedStates,US
222,Cuomo,UnitedStates,US
223,Jeezy,UnitedStates,US
224,Ariza,UnitedStates,US
225,PEDs,UnitedStates,US
226,Skinny Joey,UnitedStates,US
227,Wiseman,UnitedStates,US
228,Mashed,UnitedStates,US
229,Alan Dean Foster,UnitedStates,US
230,Anthony Edwards,UnitedStates,US
231,Obi Toppin,UnitedStates,US
232,Terrance Ferguson,UnitedStates,US
233,Elton Brand,UnitedStates,US
234,Sharkboy,UnitedStates,US
235,Steven Adams,UnitedStates,US
236,apple juice,UnitedStates,US
237,Troy Weaver,UnitedStates,US
238,Achilles,UnitedStates,US
239,Lavagirl,UnitedStates,US
240,GOTY,UnitedStates,US
241,Zendaya,UnitedStates,US
242,Taylor Lautner,UnitedStates,US
243,Patty Jenkins,UnitedStates,US
244,Logan Paul,UnitedStates,US
245,kali uchis,UnitedStates,US
246,Greg Abbott,UnitedStates,US
247,Gunner,UnitedStates,US
248,Cole Anthony,UnitedStates,US
249,Knicks,UnitedStates,US
250,Not3s,UnitedKingdom,UK
251,Foden,UnitedKingdom,UK
252,#imacelebrity,UnitedKingdom,UK
253,#ENGICE,UnitedKingdom,UK
254,HBO Max,UnitedKingdom,UK
255,Dan James,UnitedKingdom,UK
256,#PS5Launch,UnitedKingdom,UK
257,Iceland,UnitedKingdom,UK
258,Jordan,UnitedKingdom,UK
259,#Peston,UnitedKingdom,UK
260,#ENGISL,UnitedKingdom,UK
261,Aliyah,UnitedKingdom,UK
262,Saka,UnitedKingdom,UK
263,Yassy,UnitedKingdom,UK
264,Klay,UnitedKingdom,UK
265,Space Command,UnitedKingdom,UK
266,Demba Ba,UnitedKingdom,UK
267,Danny Green,UnitedKingdom,UK
268,Sheck Wes,UnitedKingdom,UK
269,Horford,UnitedKingdom,UK
270,Burke,UnitedKingdom,UK
271,Mount,UnitedKingdom,UK
272,Sam Presti,UnitedKingdom,UK
273,Yodel,UnitedKingdom,UK
274,Alex Scott,UnitedKingdom,UK
275,Daniel James,UnitedKingdom,UK
276,Nations League,UnitedKingdom,UK
277,Caroline Lucas,UnitedKingdom,UK
278,Israel,UnitedKingdom,UK
279,Thelma,UnitedKingdom,UK
280,PREGNANT,UnitedKingdom,UK
281,Sixers,UnitedKingdom,UK
282,Clout,UnitedKingdom,UK
283,harry wilson,UnitedKingdom,UK
284,Byker Grove,UnitedKingdom,UK
285,Space Force,UnitedKingdom,UK
286,Logan Paul,UnitedKingdom,UK
287,Zendaya,UnitedKingdom,UK
288,Declan Rice,UnitedKingdom,UK
289,GOTY,UnitedKingdom,UK
290,Russell Watson,UnitedKingdom,UK
291,Medvedev,UnitedKingdom,UK
292,ruthie,UnitedKingdom,UK
293,Hash,UnitedKingdom,UK
294,Joan Ryan,UnitedKingdom,UK
295,Finland,UnitedKingdom,UK
296,Gunter,UnitedKingdom,UK
297,Section 28,UnitedKingdom,UK
298,Lavagirl,UnitedKingdom,UK
299,Victoria,UnitedKingdom,UK
300,#China,Singapore,SG
301,Jesus,Singapore,SG
302,#HongKong,Singapore,SG
303,Tommy,Singapore,SG
304,#1DayBEforeBE,Singapore,SG
305,Christmas,Singapore,SG
306,Canada,Singapore,SG
307,Liverpool,Singapore,SG
308,#InTheMoodWithKAI,Singapore,SG
309,#Covid_19,Singapore,SG
310,gowon,Singapore,SG
311,hoseok,Singapore,SG
312,King,Singapore,SG
313,jongin,Singapore,SG
314,Keke,Singapore,SG
315,Mona,Singapore,SG
316,Phil,Singapore,SG
317,Australia,Singapore,SG
318,Chanyeol,Singapore,SG
319,Minecraft,Singapore,SG
320,London,Singapore,SG
321,hobi,Singapore,SG
322,America,Singapore,SG
323,Jeon Jungkook,Singapore,SG
324,Spotify,Singapore,SG
325,#LifeGoesOn,Singapore,SG
326,#BTS_BE,Singapore,SG
327,#Trump,Singapore,SG
328,#SecretSantaNZ2020,NewZealand,NZ
329,#UXNZ2020,NewZealand,NZ
330,Pike River,NewZealand,NZ
331,Wellington,NewZealand,NZ
332,Michael,NewZealand,NZ
333,Jacinda Ardern,NewZealand,NZ
334,COVID-19,NewZealand,NZ
335,Fantastic,NewZealand,NZ
336,#NBADraft,NewZealand,NZ
337,nz herald,NewZealand,NZ
338,#IIRC20,NewZealand,NZ
339,Australia,NewZealand,NZ
340,Welly,NewZealand,NZ
341,Cindy,NewZealand,NZ
342,Disney,NewZealand,NZ
343,pasifika,NewZealand,NZ
344,Hong Kong,NewZealand,NZ
345,European,NewZealand,NZ
346,Christmas,NewZealand,NZ
347,#nzsecretsanta,NewZealand,NZ
348,New York,NewZealand,NZ
349,Kiwis,NewZealand,NZ
350,Shame,NewZealand,NZ
351,China,NewZealand,NZ
352,Hades,NewZealand,NZ
353,Auckland,NewZealand,NZ
354,Seymour,NewZealand,NZ
355,Dunedin,NewZealand,NZ
356,after the calendar,NewZealand,NZ
357,Labour,NewZealand,NZ
358,Napier,NewZealand,NZ
359,Adelaide,NewZealand,NZ
360,Hollywood,NewZealand,NZ
361,Wgtn,NewZealand,NZ
362,Y'all,NewZealand,NZ
363,Donald,NewZealand,NZ
364,Amazon,NewZealand,NZ
365,South Island,NewZealand,NZ
366,Spotify,NewZealand,NZ
367,Sarah,NewZealand,NZ
368,Canada,NewZealand,NZ
369,Christchurch,NewZealand,NZ
370,Pete,NewZealand,NZ
371,Republican,NewZealand,NZ
372,Whole Foods,SanFrancisco,US
373,#DubNation,SanFrancisco,US
374,Black Widow,SanFrancisco,US
375,ADHD,SanFrancisco,US
376,Kings,SanFrancisco,US
377,Roku,SanFrancisco,US
378,jimmy fallon,SanFrancisco,US
379,Shams,SanFrancisco,US
380,Newsom,SanFrancisco,US
381,Bogdan,SanFrancisco,US
382,Justin Herbert,SanFrancisco,US
383,Charlie Brown,SanFrancisco,US
384,#wednesdaythought,SanFrancisco,US
385,#WednesdayWisdom,SanFrancisco,US
386,Animal Crossing,SanFrancisco,US
387,French Laundry,SanFrancisco,US
388,Bulls,SanFrancisco,US
389,Chiefs,SanFrancisco,US
390,Doom Eternal,SanFrancisco,US
391,Emily,SanFrancisco,US
392,#GISDay,SanFrancisco,US
393,Simmons,SanFrancisco,US
394,#NBATwitter,SanFrancisco,US
395,Game of the Year,SanFrancisco,US
396,Ghost of Tsushima,SanFrancisco,US
397,Scream,SanFrancisco,US
398,Danish,SanFrancisco,US
399,Dubs,SanFrancisco,US
400,Minnie,SanFrancisco,US
401,Draymond,SanFrancisco,US
402,Klay,SanFrancisco,US
403,Danny Green,SanFrancisco,US
404,Horford,SanFrancisco,US
405,Sixers,SanFrancisco,US
406,Sam Presti,SanFrancisco,US
407,Sheck Wes,SanFrancisco,US
408,HBO Max,SanFrancisco,US
409,Cano,SanFrancisco,US
410,Thunder,SanFrancisco,US
411,Warriors,SanFrancisco,US
412,Gucci,SanFrancisco,US
413,76ers,SanFrancisco,US
414,Morey,SanFrancisco,US
415,Pistons,SanFrancisco,US
416,Lamelo,SanFrancisco,US
417,Christmas Day,SanFrancisco,US
418,Mets,SanFrancisco,US
419,Cuomo,SanFrancisco,US
420,Jeezy,SanFrancisco,US
421,Ariza,SanFrancisco,US
